Workbook

Sheet Sheet1
A1: No | B1: Nama | C1: Makanan | D1: Minuman | E1: Harga Makanan | F1: Harga Minuman
A2: 1 | B2: Rifki | C2: Paket Tapak Bebek Goreng | D2: Kelapa Muda | E2: =IFERROR(VLOOKUP(C2,'DB Harga'!A:B,2,FALSE),0) -> 42000 | F2: =IFERROR(VLOOKUP(TRIM(D2),'DB Harga'!A:B,2,FALSE),0) -> 20000
A3: 2 | B3: Irfan Raditya H | C3: Paket Tapak Bebek Goreng | D3: Teh Tarik Dingin | E3: =IFERROR(VLOOKUP(C3,'DB Harga'!A:B,2,FALSE),0) -> 42000 | F3: =IFERROR(VLOOKUP(TRIM(D3),'DB Harga'!A:B,2,FALSE),0) -> 16000
A4: 3 | B4: Febri A | C4: Iga Bakar | D4: Teh Tarik Dingin | E4: =IFERROR(VLOOKUP(C4,'DB Harga'!A:B,2,FALSE),0) -> 60000 | F4: =IFERROR(VLOOKUP(TRIM(D4),'DB Harga'!A:B,2,FALSE),0) -> 16000
A5: 4 | B5: Neni S | C5: Iga Bakar | D5: Es Jeruk | E5: =IFERROR(VLOOKUP(C5,'DB Harga'!A:B,2,FALSE),0) -> 60000 | F5: =IFERROR(VLOOKUP(TRIM(D5),'DB Harga'!A:B,2,FALSE),0) -> 12000
A6: 5 | B6: LUTHFI GHINAN JUNANTO | C6: Iga Bakar | D6: Kelapa Muda | E6: =IFERROR(VLOOKUP(C6,'DB Harga'!A:B,2,FALSE),0) -> 60000 | F6: =IFERROR(VLOOKUP(TRIM(D6),'DB Harga'!A:B,2,FALSE),0) -> 20000
A7: 6 | B7: Sandi Maulana | C7: Iga Bakar | D7: Es Jeruk | E7: =IFERROR(VLOOKUP(C7,'DB Harga'!A:B,2,FALSE),0) -> 60000 | F7: =IFERROR(VLOOKUP(TRIM(D7),'DB Harga'!A:B,2,FALSE),0) -> 12000
A8: 7 | B8: Hafidz Rafael Caesaryo | C8: Ikan Gurame Bakar | D8: Air Putih Mineral | E8: =IFERROR(VLOOKUP(C8,'DB Harga'!A:B,2,FALSE),0) -> 97000 | F8: =IFERROR(VLOOKUP(TRIM(D8),'DB Harga'!A:B,2,FALSE),0) -> 6000
A9: 8 | B9: Kartika Agung Wahyudi | C9: Ayam bakar Bumbu Kecap | D9: Kelapa Muda | E9: =IFERROR(VLOOKUP(C9,'DB Harga'!A:B,2,FALSE),0) -> 36000 | F9: =IFERROR(VLOOKUP(TRIM(D9),'DB Harga'!A:B,2,FALSE),0) -> 20000
A10: 9 | B10: Yohei Takahshi | C10: Nasi Goreng Iga | D10: Air Putih Mineral | E10: =IFERROR(VLOOKUP(C10,'DB Harga'!A:B,2,FALSE),0) -> 32000 | F10: =IFERROR(VLOOKUP(TRIM(D10),'DB Harga'!A:B,2,FALSE),0) -> 6000
A11: 10 | B11: Hesti | C11: Nasi Goreng Iga | D11: Kelapa Muda | E11: =IFERROR(VLOOKUP(C11,'DB Harga'!A:B,2,FALSE),0) -> 32000 | F11: =IFERROR(VLOOKUP(TRIM(D11),'DB Harga'!A:B,2,FALSE),0) -> 20000
A12: 11 | B12: MUKHLISIN | C12: Ikan Gurame Goreng | D12: Kelapa Muda | E12: =IFERROR(VLOOKUP(C12,'DB Harga'!A:B,2,FALSE),0) -> 82000 | F12: =IFERROR(VLOOKUP(TRIM(D12),'DB Harga'!A:B,2,FALSE),0) -> 20000
A13: 12 | B13: Aan Haryadi | C13: Iga Bakar | D13: Kelapa Muda | E13: =IFERROR(VLOOKUP(C13,'DB Harga'!A:B,2,FALSE),0) -> 60000 | F13: =IFERROR(VLOOKUP(TRIM(D13),'DB Harga'!A:B,2,FALSE),0) -> 20000
... A22: 21 | B22: Maulana Ramdhani | C22: Iga Bakar | D22: Kelapa Muda | E22: =IFERROR(VLOOKUP(C22,'DB Harga'!A:B,2,FALSE),0) -> 60000 | F22: =IFERROR(VLOOKUP(TRIM(D22),'DB Harga'!A:B,2,FALSE),0) -> 20000
A23: 22 | B23: Dani Pamungkas | C23: TBA | D23: TBA
E26: =SUM(E2:E24) -> 1196000 | F26: =SUM(F2:F24) -> 354000
D27: Reguler | E27: =+E26+F26 -> 1550000
E28: =E27+(E27*15%) -> 1782500
D29: Supporting | E29: =SUM(D33:D48) -> 632000
F31: SUBTOTAL | G31: =(E27+E29)*1.15 -> 2509300
A32: NO | B32: Supporting Menu | C32: qty | D32: Total
A33: 1 | B33: Ikan Wader | C33: 3 | D33: =IFERROR(C33*VLOOKUP(B33,'DB Harga'!A:B,2,FALSE),0) -> 66000
A34: 2 | B34: Tumis Kangkung | C34: 3 | D34: =IFERROR(C34*VLOOKUP(B34,'DB Harga'!A:B,2,FALSE),0) -> 51000
A35: 3 | B35: Sate Lilit (5 Tusuk) | C35: 6 | D35: =IFERROR(C35*VLOOKUP(B35,'DB Harga'!A:B,2,FALSE),0) -> 120000
A36: 4 | B36: Tempe Mendoan | C36: 6 | D36: =IFERROR(C36*VLOOKUP(B36,'DB Harga'!A:B,2,FALSE),0) -> 102000
A37: 5 | B37: Tahu Isi | C37: 5 | D37: =IFERROR(C37*VLOOKUP(B37,'DB Harga'!A:B,2,FALSE),0) -> 85000
A38: 6 | B38: Pisang Goreng | C38: 6 | D38: =IFERROR(C38*VLOOKUP(B38,'DB Harga'!A:B,2,FALSE),0) -> 102000
A39: 7 | B39: Nasi Putih 1/2 | C39: 12 | D39: =IFERROR(C39*VLOOKUP(B39,'DB Harga'!A:B,2,FALSE),0) -> 84000
A40: 8 | B40: Nasi Bakul | C40: 1 | D40: =IFERROR(C40*VLOOKUP(B40,'DB Harga'!A:B,2,FALSE),0) -> 22000

Sheet DB Harga
A1: Paket Tapak Bebek Goreng | B1: 42000
A2: Iga Bakar | B2: 60000
A3: Ayam bakar Bumbu Kecap | B3: 36000
A4: Nasi Goreng Iga | B4: 32000 | I4: tambahan snack nya:
A5: Ikan Gurame Bakar | B5: 97000 | I5: ikan wader 5 (@22) : 110
A6: Ikan Gurame Goreng | B6: 82000 | I6: tumis kangkung 5 (@17) : 85
A7: Ikan Wader | B7: 22000 | I7: sate lilit (5 tusuk) 5 (@20) : 100
A8: Tumis Kangkung | B8: 17000 | I8: mendoan 5 (@17) : 85
A9: Nasi Goreng Seafood | B9: 34000 | I9: tahu goreng 5 (@12) : 60
A10: Tempe Mendoan | B10: 17000 | I10: pisang goreng 5 (@17) : 85
A11: Tahu Isi | B11: 17000
A12: Pisang Goreng | B12: 17000 | I12: total 525
A13: Sate Lilit (5 Tusuk) | B13: 20000
A14: Nasi Putih 1/2 | B14: 7000
A15: Nasi Bakul | B15: 22000
A16: Teh Tarik Dingin | B16: 16000
A17: Air Putih Mineral | B17: 6000
A18: Kelapa Muda | B18: 20000
A19: Es Jeruk | B19: 12000
A20: Pete Goreng | B20: 17000
